<?xml version="1.0" encoding="UTF-8"?>
<!DOCTYPE mapper PUBLIC "-//mybatis.org//DTD Mapper 3.0//EN" "http://mybatis.org/dtd/mybatis-3-mapper.dtd">
<mapper namespace="com.mocafelab.web.balance.BalanceMapper">
	
	<sql id="sql_list_where">
		AND m.status = 'A'
		<![CDATA[
			AND CONCAT(sbi.balance_year, '-', LPAD(sbi.balance_month::TEXT, 2, '0')) <= TO_CHAR(NOW(), 'YYYY-MM')
		]]>
		<if test='pay_status != null and pay_status != "" and pay_status != "A"'>
			AND sbi.status = #{pay_status}
		</if>
		<if test='search_start_date != null and search_end_date != null'>
			<![CDATA[ 
			AND TO_DATE(CONCAT(sbi.balance_year, '-', sbi.balance_month), 'YYYY-MM-DD') >= TO_DATE(#{search_start_date}, 'YYYY-MM')
			AND TO_DATE(CONCAT(sbi.balance_year, '-', sbi.balance_month), 'YYYY-MM') <= TO_DATE(#{search_end_date}, 'YYYY-MM')
			]]>
		</if>
		<if test='search_value != null and search_value != ""'>
			<choose>
				<when test='search_type == "0"'>
					AND m.company_name LIKE '%' || #{search_value} || '%'				
				</when>
				<when test='search_type == "1"'>
					AND m.uid LIKE '%' || #{search_value} || '%'
				</when>
			</choose>
		</if>
	</sql>
	
	<!-- 목록 갯수 조회 -->
	<select id="getListCnt" resultType="Integer">
		SELECT  
			COUNT(*)
		FROM 
			member.ssp_balance_info sbi 
		JOIN member.member m 
		ON sbi.member_id = m.id
		<where>
			<include refid="sql_list_where"></include>
		</where>
	</select>
	
	<!-- 목록 조회 -->
	<select id="getList" resultType="HashMap">
		SELECT  
			m.id AS member_id
			, m.uid AS member_uid 
			, m.company_name 
			, m.bank_name
			, m.bank_name
			, (
				CASE WHEN m.bank_account_number IS NULL THEN  
					m.bank_account_number
				ELSE 
					convert_from(decrypt(decode(m.bank_account_number, 'hex'), #{secret_bank_account_number}::bytea, 'aes'), 'utf8')
				END
			) AS bank_account_number
			, m.bank_account_holder
			, sbi.id AS balance_info_id
			, sbi.balance_year 
			, sbi.balance_month 
			, sbi.status 
			, sbi.price
			, TO_CHAR(sbi.update_date, 'YYYY-MM-DD') AS update_date_str
		FROM 
			member.ssp_balance_info sbi 
		JOIN member.member m 
		ON sbi.member_id = m.id
		<where>
			<include refid="sql_list_where"></include>
		</where>
		ORDER BY sbi.balance_year DESC, sbi.balance_month DESC, sbi.member_id
		<if test='limit != null and offset != null'>
			LIMIT #{limit} OFFSET #{offset}
		</if> 
	</select>
	
	<!-- 정산금 지급 -->
	<update id="payCalculate">
		UPDATE 
			member.ssp_balance_info
		SET 
			status = 'C',
			update_date = NOW(),
			update_member_id = #{login_id} :: bigint
		<where>
			id = #{balance_info_id} :: bigint
		</where>
	</update>
</mapper>