<?xml version="1.0" encoding="UTF-8"?>
<!DOCTYPE mapper PUBLIC "-//mybatis.org//DTD Mapper 3.0//EN" "http://mybatis.org/dtd/mybatis-3-mapper.dtd">
<mapper namespace="com.mocafelab.web.menu.MenuMapper">
	
	<!-- 메뉴 목록 -->
	<select id="getMenuList" resultType="HashMap">
		SELECT
		    m.id as menu_id
		    , m.step
		    , m.parent_id
		    , m.name
		    , m.sort
		    , m.url
		    , m.link_yn
		    , m.default_utype
		    , m.default_yn
		    , m.use_yn
		    , m.limit_ip_yn
		FROM
		    member.menu m
		<where>
			<if test="default_utype != null and default_utype != '' ">
				AND default_utype = #{default_utype}
			</if>
		</where>
		ORDER BY m.step, m.sort
	</select>
		
	<!-- 같은 step 메뉴 1개 가져오는 쿼리 -->
	<select id="getParentMenuInfo" resultType="HashMap">
		SELECT
			id as menu_id
			, step
			, parent_id
			, name
			, sort
			, default_utype
		FROM
			member.menu
		WHERE
			id = #{parent_id}
		
	</select>
	<!-- 메뉴 추가 -->
	<insert id="insertMenu">
        INSERT INTO member.menu(
            step
            , parent_id
            , name
            , use_yn
            , link_yn
            , url
            , sort
            , default_utype
            , default_yn
            , insert_date
        )VALUES(
            #{step}
            , #{parent_id}
            , #{name}
            , #{use_yn}
            , #{link_yn}
            , #{url}
            , #{sort}
            , #{default_utype}
            , #{default_yn}
            , now()
        );
    </insert>
    <!-- 메뉴 수정 -->
    <update id="updateMenu">
    	UPDATE
    		member.menu
    	SET
    		parent_id = #{parent_id}
    		, step = #{step}
    		, url = #{url}
    		, link_yn = #{link_yn}
    		, use_yn = #{use_yn}
    		, sort = #{sort}
    	WHERE
    		id = #{menu_id}
    </update>
    
    <!-- 메뉴 보유 여부 체크 -->
    <select id="hasMenu" resultType="Integer">
    	SELECT
    		COUNT(*)
    	FROM
    		member.menu
    	WHERE
    		id = #{menu_id}
    </select>
</mapper>