<?xml version="1.0" encoding="UTF-8"?>
<!DOCTYPE mapper PUBLIC "-//mybatis.org//DTD Mapper 3.0//EN" "http://mybatis.org/dtd/mybatis-3-mapper.dtd">
<mapper namespace="com.mocafelab.web.ad.sg.DefaultSgMapper">
	<!-- 공통 list where -->
	<sql id="sql_list_where">
		<if test='page_size_code != null and page_size_code != ""'>
			AND page_size_code = #{page_size_code} 
		</if>
		<if test='ad_type != null and ad_type != ""'>
			AND ad_type = #{ad_type}
		</if>
		<if test='file_type != null and file_type != ""'>
			AND file_type = #{file_type}
		</if>
	</sql>

	<!-- 목록 조회 -->
	<select id="getListCnt" resultType="Integer">
		SELECT 
			COUNT(*)
		FROM (
			SELECT 
				id as dsp_service_ad_id
				, ad_type
				, name
				, file_path
				, file_name
				, file_type
				, file_size
				, width
				, height
				, playtime
				, page_size_code
				, insert_date
			FROM 
				public.dsp_service_ad 
			<where>
				<include refid="sql_list_where"></include>
			</where>		
		) A
	</select>
	<select id="getList" resultType="HashMap">
		SELECT 
			ROW_NUMBER() OVER(ORDER BY A.page_size_code ASC, A.insert_date DESC) AS seq
			, TO_CHAR(insert_date, 'YYYY-MM-DD') AS insert_date_str 
			, A.*
		FROM (
			SELECT 
				id as dsp_service_ad_id
				, ad_type
				, name
				, file_path
				, file_name
				, file_type
				, file_size
				, width
				, height
				, playtime
				, page_size_code
				, insert_date
			FROM 
				public.dsp_service_ad 
			<where>
				<include refid="sql_list_where"></include>
			</where>		
		) A
	</select>
	
	<!-- 상세 조회 -->
	<select id="getDetail" resultType="HashMap">
		SELECT 
			id as dsp_service_ad_id
			, ad_type
			, name
			, file_path
			, file_name
			, file_type
			, file_size
			, width
			, height
			, playtime
			, page_size_code
			, insert_date
		FROM 
			public.dsp_service_ad 
		<where>
			id = #{dsp_service_ad_id} :: bigint
		</where>
	</select>
	
	<!-- 등록 -->
	<select id="addDefaultSg" resultType="Integer">
		INSERT INTO public.dsp_service_ad (
			ad_type
			, name
			, file_path
			, file_name
			, file_type
			, file_size
			, width
			, height
			, playtime
			, page_size_code
			, insert_date
		) 
		VALUES (
			#{ad_type}
			, #{name}
			, #{file_path}
			, #{file_name}
			, #{file_type}
			, #{file_size} :: bigint
			, #{width} :: smallint
			, #{height} :: smallint
			, #{playtime} :: smallint
			, #{page_size_code}
			, NOW()
		)
		RETURNING id
	</select>
	
	<!-- 수정 -->
	<update id="modifyDefaultSg">
		UPDATE 
			public.dsp_service_ad
		SET 
			ad_type = #{ad_type}
			, name = #{name}
			, file_path = #{file_path}
			, file_name = #{file_name}
			, file_type = #{file_type}
			, file_size = #{file_size} :: bigint
			, width = #{width} :: smallint
			, height = #{height} :: smallint
			, playtime = #{playtime} :: smallint
			, page_size_code = #{page_size_code}
		WHERE 
			id = #{dsp_service_ad_id} :: bigint
	</update>
	
	<!-- 삭제 -->
	<delete id="removeDefaultSg">
		DELETE FROM public.dsp_service_ad 
		WHERE 
			id = #{dsp_service_ad_id} :: bigint
	</delete>
	
	<!-- 파일 정보 업데이트 -->
	<update id="modifyFileInfo">
		UPDATE
			public.dsp_service_ad
		SET 
			width = #{width}
			, height = #{height}
			, file_path = #{file_path}
			, file_name = #{file_name}
			, file_type = #{file_type}
			, file_size = #{file_size} :: bigint
		WHERE 
			id = #{dsp_service_ad_id} :: bigint
	</update>
</mapper>